Username,Password,Name,Profile,DateCreated
jonathanfisher,c0ZAdRdf#3Mz,Samuel Leon,Fashion designer,2023-09-22 18:36:47
christinewood,&d0PI%gn&7La,Felicia Campbell,Fisheries officer,2023-04-12 01:15:01
joshuahunt,*YdSMnXph3Yj,Brandon Larsen,Cytogeneticist,2024-05-10 17:03:25
hmartin,!4(Wi3JMNrJw,Timothy Jones,Primary school teacher,2023-05-05 02:38:07
sosadebbie,*72ux#Bw_%fM,Mario Cook,Learning disability nurse,2023-11-02 20:42:20
thomasnicole,k#C7$W+(dmVB,Carla Randolph,Wellsite geologist,2024-04-22 03:30:13
joseph05,WU3CnZaCJ^2C,Christina Mccoy,Retail buyer,2023-12-31 17:13:28
sbowman,W4)_@5GytIEf,Madison Moore,Speech and language therapist,2023-07-22 21:47:18
kimberlyfisher,Y(0Vfk13u!wk,Kyle Logan,Neurosurgeon,2024-09-12 04:32:27
fraziercatherine,QNta#*st&(4L,Jennifer Mercer,Social researcher,2024-03-01 15:55:53
frice,cNXbCzL@&D2X,Margaret Mason,"Editor, magazine features",2024-08-12 05:39:09
ostevens,&2%pv!wrc6OT,Tracy Floyd,"Engineer, maintenance (IT)",2024-06-26 06:15:54
lisa80,C52^MzbQ!#&x,Juan Dean,"Surveyor, rural practice",2023-11-04 23:57:52
castroanna,O!S3WVWEac^9,Brooke Long,Artist,2024-10-31 11:02:06
jeffreysmith,%yExq3SPN7Ef,Bradley Hanna,Publishing copy,2023-08-21 05:52:47
rcarpenter,)%1fpmHoW$#W,Kelly Jenkins,Film/video editor,2024-01-16 23:24:16
kathleenfrye,He3QfSxN(hE3,Angela Black,Art therapist,2023-09-11 13:31:41
uwelch,G!3rLwla31#_,Andrew Boyd,Electronics engineer,2023-07-27 12:17:51
wilsonstanley,)v1uacrC*!FF,Jessica Taylor,Haematologist,2023-06-13 23:16:17
andreamccarthy,X8N&_6jg!sT9,Morgan Williams,"Engineer, automotive",2023-12-30 12:51:26
jmccarthy,^8eK5Kwyq(__,Toni Jones,"Horticulturist, commercial",2023-03-20 18:29:52
pfoster,%dgZqKPnN+3_,Catherine Barnett,"Surveyor, minerals",2024-05-12 04:42:16
paulwatson,(Dff#4Vj)+XF,Adam Flowers,Energy engineer,2023-08-04 19:21:40
christopherpotter,oe(c$J$$9tG),Amber Carter,Legal executive,2024-02-26 01:35:41
madeline47,d^2Rm3MbosoQ,Juan Robles,Passenger transport manager,2024-06-13 19:57:18
adamssharon,zz5_aTXa*G87,Amanda Ward,Fitness centre manager,2023-04-17 01:50:07
gina35,r*Xz1dOylR59,Jessica Mcclure,Volunteer coordinator,2024-10-18 16:51:20
caseycampbell,T+8UayvB6xj),Daniel Ayala,"Scientist, forensic",2024-03-05 18:40:25
adam37,lKnPYcN*(25s,Jade Patel,"Education officer, community",2023-10-20 16:33:16
richardsonchristopher,2@LLZBsgtQ6X,Thomas Strong,Youth worker,2024-05-10 14:24:31
brownlori,ABe61Ap5C_*o,Cristina Gates,"Therapist, art",2024-07-19 11:45:35
lauren09,jR9ENiAhD^2!,Caitlin Hernandez,Neurosurgeon,2024-04-14 00:41:14
florespaul,IP7VY!ya_q(3,Alan Salas,"Designer, jewellery",2022-12-11 23:23:58
russell43,Pl_i4*Pe^nY9,Angela Frye,"Engineer, water",2024-09-27 20:26:48
fharris,^@%cTwapT1FN,Michael Gonzales,"Scientist, biomedical",2023-02-11 02:17:35
dorothypearson,c1NLEwxj*_l+,Mark Davis PhD,Museum/gallery curator,2024-04-30 03:33:53
alexisreynolds,(VauR+c345&s,Michael Gomez PhD,Graphic designer,2024-07-28 11:42:01
hmorales,G_LBa7h52a5@,Thomas Mcintosh,"Sound technician, broadcasting/film/video",2022-11-30 02:46:31
jnguyen,&9Iuop7YEX^t,Matthew King,"Producer, radio",2023-11-02 07:58:54
ncooper,mu$PULd5S29^,Keith Hurley,Counsellor,2023-12-21 19:38:21
allenbrittany,a2Mn6brVZq^B,Charles Cortez,Media buyer,2023-07-29 07:54:07
ugrant,^BJvGdZ7O44e,Evelyn Shah,"Sound technician, broadcasting/film/video",2023-10-01 05:49:16
vmartinez,HrAN0h#g^_3x,Jennifer Green,"Engineer, manufacturing systems",2024-10-20 13:48:35
laura77,kleN_zi2d1*!,Amy Johnson,"Production assistant, radio",2023-11-25 04:12:33
curtisochoa,!b4X3iHq4$68,Donald Hines,Astronomer,2024-02-06 23:29:04
tonynunez,A((Ay0BrZD57,Lori Lowe,Higher education lecturer,2024-01-08 08:07:11
gregory11,X^4POwBzpzF7,Thomas Sherman,Database administrator,2024-05-11 06:43:05
danielle47,$OQseiH5h7!B,Carol Jenkins,Special educational needs teacher,2024-04-13 07:31:44
mitchelljoshua,f_+XR&NpmU_3,Kurt Harris,Lawyer,2023-04-16 21:00:27
kristensheppard,Y2Jfmmnh@BDH,Brent Campos,Retail merchandiser,2023-02-06 09:54:49
hernandezbradley,^0iHR!xOUvw*,Douglas Howell,Social researcher,2024-11-23 03:30:36
benjaminwilliams,*TuJk+#k2*(W,Eric Webb,"Geneticist, molecular",2024-01-20 13:06:37
karensweeney,mh3M5Sue@u0e,Heather Cooper,"Surveyor, mining",2023-01-31 14:32:22
daisymejia,IY2AKr%N&d%Z,Shaun Hodges,Police officer,2023-02-16 17:41:23
mcdonaldcatherine,+Bi0QGCv2vV@,Jonathon Franklin,Operational researcher,2024-04-28 03:48:24
amays,lvI!2APpcjD+,Matthew Sanders,"Designer, furniture",2023-10-26 05:32:50
shawdanielle,+@t140ND$4YT,Dr. Austin Harper,Comptroller,2023-07-11 13:30:04
bellalyssa,J6ZpStRCC3t(,Charles Cooley,Data scientist,2024-08-24 16:41:45
atate,%&jPpMug2+4a,Michael King,IT technical support officer,2023-06-11 08:29:48
sarahlivingston,J@9$nz@AxUOY,Kimberly Jones,Press photographer,2023-06-01 17:05:07
santiagomartin,%BC39EozZ&4f,Bryan Delgado,"Restaurant manager, fast food",2023-12-16 02:30:55
herreraamy,yf8QcQ2hjK)),Beth Beltran,Associate Professor,2022-11-30 07:57:17
linda03,!fS@Ehw3wua6,Thomas Robinson,Chief of Staff,2023-02-05 00:36:29
esmith,tphuG^Pv9G)6,Gerald Riley,Restaurant manager,2023-07-24 00:33:44
hernandeztyler,%YCyMsjh%O5h,Christina Thomas,Civil Service fast streamer,2023-03-05 12:33:35
edwardsdaniel,#i0v0jVp$3Ha,Dominique Anthony,Energy manager,2024-08-08 17:22:29
elizabethvargas,@nN0NbM4L9JD,Steven Gonzales,IT sales professional,2023-08-04 12:16:50
kimberly40,(s37NkyV%ff9,Christopher Carpenter,"Therapist, drama",2023-10-11 02:14:12
holly22,v1e^*A3O)oqF,Jessica Lang,Retail merchandiser,2023-04-16 12:13:43
moraleschelsea,$3zXB6gu)*r$,Rachel Yoder,Land/geomatics surveyor,2023-05-10 05:48:33
joshuabuck,$*AjjUKOW4zn,Jade Moran,Estate agent,2024-04-02 18:02:19
judithhill,tIH*JUYlP%5z,Cassidy Medina,"Radiographer, diagnostic",2024-04-15 08:33:20
ybaker,^ej31X_jg&$3,Stephanie Bennett,Farm manager,2022-12-02 00:51:40
christian96,20YyhG(Op%5U,Deanna Lewis,Environmental education officer,2022-12-16 06:25:39
qwilliams,$7@XEJPC_x2U,Raymond Beck,Mudlogger,2024-07-02 07:32:28
laurahall,d(7Nfrsh!R2s,Juan Thompson,"Chemist, analytical",2023-05-29 22:34:42
hcampbell,%uXQscONb^17,Valerie Jacobs,Systems analyst,2024-08-29 02:59:27
helen76,#sTRll^z94Yf,Melissa Lewis,Politician's assistant,2024-02-13 23:42:31
cindy54,!t4Hx^Ci)p^d,Daniel Sullivan,"Pharmacist, hospital",2023-09-04 11:19:20
nicole46,)W7VziWy3kyT,Penny Porter,Conference centre manager,2023-11-01 07:55:12
jennycraig,)v9%PLq%l3i_,Bryan Brown,Education administrator,2023-09-10 00:46:13
andrewserik,+Q5^!Pxd!+xj,George Wiggins,Production manager,2023-07-11 11:41:30
heatherthomas,@^jLl%ai%87c,Elizabeth Clayton,Chief Technology Officer,2024-06-16 00:52:42
brianpetersen,YV2+OH1q$xrU,Christian Santana,Media buyer,2024-02-12 22:53:33
yferrell,#1FcnTHb%IcB,Nicholas Rowland,Manufacturing systems engineer,2023-04-03 14:15:40
brownrachel,MubdV*@ly#M3,Justin Harmon,Jewellery designer,2024-05-10 17:20:08
dawsonkayla,3Y@3ZQ8cm!%b,Robert Turner,Advertising account planner,2023-02-10 13:11:50
lflowers,!JFw5Wzoq4VZ,Christopher Thomas,"Solicitor, Scotland",2023-05-17 15:01:22
lschmidt,%37NdZC)gf+A,Molly Anderson,"Psychotherapist, dance movement",2024-01-26 17:58:05
kjones,3TbX*kMEh(8H,Megan Mack,Probation officer,2023-02-26 02:11:21
vickieedwards,vsi44GulBv_+,William Flores,"Engineer, maintenance (IT)",2023-03-04 05:55:44
glloyd,e7vL3&QvV+YM,Joyce Watkins,Systems developer,2023-11-26 00:31:34
justinwyatt,TdPwuEXtk)3b,Leslie Mendoza,"Psychologist, clinical",2024-02-13 09:52:59
michaelsmith,k4jvyyi3r@1L,Dustin Bell,Pathologist,2023-12-19 17:25:01
ramirezmelissa,k&02nzz^AnN2,Tammy Smith,"Scientist, marine",2024-10-08 08:30:02
loripatterson,7lV)^hXn6(3M,Brian Hester,Fast food restaurant manager,2024-05-07 13:31:49
salinassamantha,f^%qWdlKVKD7,Jimmy Snyder,Catering manager,2023-02-19 19:15:48
fdaniel,d2CE(qfG*$Fa,Timothy Harrington,"Optician, dispensing",2024-02-28 01:26:29
mannjacob,b+95p(Ow3n)t,Tina Walters,Speech and language therapist,2023-10-27 08:06:34
walldana,@v@sEC6yx9%j,Wayne Peterson,"Research officer, government",2024-08-10 10:54:50
harrisvincent,dYXJb&!m#5)E,Laura Solis,Adult guidance worker,2024-07-03 13:25:56
westbrian,H3NEpx8a(b)Q,Mary Vega,"Pharmacist, hospital",2023-08-16 00:20:48
kellyanderson,q$bwD@PjYn1W,Dana Decker,"Exhibitions officer, museum/gallery",2023-07-30 20:11:32
evanramos,$!78G6vKpn8Q,Lisa Gray,Community development worker,2023-03-25 00:54:32
sjones,ILLP8rLk4jz*,Arthur Davis,Glass blower/designer,2024-05-04 02:26:22
guerrerojonathan,!(n1Bsv^v^T6,Daniel Hernandez,IT consultant,2023-02-02 22:41:48
golson,#aJ3zLyh$NkE,William Jackson,Audiological scientist,2023-06-17 20:40:58
watkinsjohn,Xa2)xocf97bY,Holly Hubbard,Insurance risk surveyor,2023-06-11 19:49:49
ginablake,)dG&fg+hL2A3,Christina Johnson,Software engineer,2023-03-16 20:48:16
braunkimberly,Zx3Yvl1il$MY,Susan Combs,Gaffer,2023-11-15 22:07:09
urichardson,mf%iDRdq**w0,Andrew Burke,Orthoptist,2023-09-15 12:40:35
heatherkaufman,&5Tqu0pH&Qv4,Jordan West,"Surveyor, quantity",2023-05-21 15:01:18
lcollins,cj2&r2Msn11P,Marc Martinez,"Doctor, general practice",2022-12-09 04:47:19
deborahgreen,8)tNSzsGhp9%,Sarah Miller,Quality manager,2024-09-05 16:39:51
mooretodd,z6Qe_kwS(0VL,Toni Rodriguez,Community development worker,2023-11-27 15:42:37
fwilliams,J(6NWjyv1QM2,Darlene Foster,Diplomatic Services operational officer,2024-11-27 02:00:00
mprice,yB#gHQjtD*&3,Crystal Knapp,Musician,2023-10-16 21:37:48
beansara,%WtnODnVK5f4,David Glover,"Engineer, petroleum",2023-07-15 22:17:15
jasminerandall,8vqL4Vuf&)s2,Carlos Johnson,"Administrator, arts",2023-05-14 03:23:10
sayala,&_PJxz_)&9e!,Nicole Rogers,Chiropodist,2024-01-25 01:29:53
amberryan,Dq_+FwFi^3*L,Sarah Cardenas,Public relations account executive,2024-03-09 15:18:20
friedmanvictoria,od6QI3xgp%gK,Shane Johnson,Information systems manager,2024-05-08 06:12:14
westrada,X!8JPiFFY8N1,Rachel Greene,"Administrator, local government",2023-07-21 18:24:42
wilsonbelinda,!D9h@IOtRdsP,Susan Beasley,Press photographer,2022-12-20 14:16:46
cohenjennifer,X+OVps(G7_8n,Michael Scott,Actor,2023-02-07 21:35:20
michael55,*LxRCA2i(0Gr,Logan Brown,Tree surgeon,2024-09-04 03:43:12
briandecker,f@4CqnydYvWj,Julie Barnes,Charity officer,2024-01-15 22:36:09
huberchristopher,s8DlPlX9@hq+,Peter Duke,Politician's assistant,2023-08-05 04:32:49
craigphillips,6EEFArU0)rPH,James Garcia,Building services engineer,2024-05-16 18:25:06
kennethdavis,7J_*18IsyoGw,Ashley English,Colour technologist,2022-12-18 07:04:47
jbarnes,)NwsUX8c_3B6,Karen Phillips,Company secretary,2024-07-18 23:15:07
lowegabriel,mwM+UMHx)a0i,Judy Smith,Contractor,2024-08-13 09:23:56
amymitchell,DR5RHlp5#&dR,Dwayne Newton,Recruitment consultant,2022-12-28 10:53:40
polsen,*9W5MGs9&pnc,Jeffrey Hernandez,Corporate treasurer,2023-03-14 13:31:19
kimberly32,9(2(_Xrc!)pS,Tonya Rodriguez,IT trainer,2023-05-23 23:45:41
davisalyssa,1BEOVxlx+SXb,Brian Davis,Commercial art gallery manager,2023-04-19 04:28:07
sharonharris,s4MRsPs8_qye,Karen Hughes,"Psychotherapist, dance movement",2024-09-25 15:29:29
angela39,*7_pyu^@MGBv,Dustin Jackson,Production manager,2024-04-08 12:19:59
rayruth,%oj5Jqz^r#0A,Kevin Rush,Futures trader,2023-08-01 08:13:14
huntisaac,$C92Veiob3zs,Sarah Herring DVM,Archivist,2024-02-20 15:40:15
wleon,U&nF4Yjcc4P@,Monique Herman,Educational psychologist,2024-11-24 06:16:37
jennifermorse,o3uAz32F%E#t,Christopher Diaz,Forensic psychologist,2023-07-23 13:29:57
jasminechurch,_)1JetLkACIB,Pamela Watkins,Podiatrist,2024-07-21 21:57:50
johnwallace,XFVP+kOu%K5g,Amy Garza,Media planner,2023-10-15 02:59:52
ccarter,^2UKSR$dzRKy,Aaron Campos,"Engineer, technical sales",2024-03-01 21:44:08
kstewart,*7d)6MRkrR5x,Todd Caldwell,International aid/development worker,2023-07-31 21:49:48
billysmith,@FvQF8#vr3Wo,Nancy Campbell,Hydrographic surveyor,2024-07-30 03:06:39
lucasjennifer,*rnVyv2WUD66,Shelley Wright,Biomedical scientist,2024-04-10 02:41:01
james98,+_8BGBen3pz_,Paul Bennett,Patent examiner,2023-11-06 01:09:56
aguilarjennifer,E7JFcaTM@1(4,Christine Johnson,Barrister's clerk,2023-07-20 06:51:33
qaguirre,7)ioOd2qCPF6,Deborah Adkins,Chief Marketing Officer,2024-02-07 11:47:19
brittney80,xmB3lhi1#Pnp,Cody Hayes,Architect,2023-07-15 21:36:05
halldustin,3IE7Xye1!c(o,Patrick Brown,Database administrator,2024-10-29 05:39:43
smithchristopher,CS71GAwD$l2F,David Montoya,Sports administrator,2024-11-19 19:50:05
bobbyjackson,MH2)Vhk9DF*Z,Misty Medina,Commercial/residential surveyor,2023-02-02 23:38:00
adriandavis,$lORwrbGv5q%,Donna Drake,Office manager,2023-09-29 02:15:11
patrick75,_&u3sW(@@lBI,Joshua Munoz,Customer service manager,2024-01-24 23:38:59
lawrencereed,&*$5H0epx!GL,Adam Sanders,Horticultural consultant,2023-04-26 21:56:20
lauren54,^2xJgkRatW8M,Donald Walker,Historic buildings inspector/conservation officer,2024-07-11 12:39:22
mariegonzalez,N&_ci6Eif&hY,Sara Sanchez,"Buyer, retail",2023-12-05 19:17:40
dunlapmargaret,bd6uX0u%l+i$,Reginald Nelson,Town planner,2023-06-24 10:36:48
christylowery,!FZbJjw50G1z,Kenneth Walker,"Copywriter, advertising",2023-12-18 12:06:47
jlarson,N&C9GcpJ5@*_,Sheryl Mason,Television camera operator,2023-10-25 04:48:56
cyoung,^)R&!(Cq7btQ,Michael Sharp,"Librarian, academic",2024-08-09 00:04:46
mccarthychristina,3#3dUFra5lzm,Catherine Reed,Psychiatrist,2023-07-02 21:21:33
markchung,*HG5e5&A7)_b,Barbara Lara,"Solicitor, Scotland",2023-03-27 03:36:44
ggarcia,4@@Tdeaq@OAd,Patricia Smith,"Accountant, chartered public finance",2024-11-13 03:29:50
jacqueline18,nPDMaux9%G8L,David Watson,"Optician, dispensing",2023-10-24 21:27:34
alexpham,h5*hkBz0)^1J,Amy Hunter,Banker,2023-12-05 23:00:53
bvalenzuela,!3c@PQpelL51,Eugene Andrews,Government social research officer,2023-01-26 18:35:17
tiffany87,qG3!DP&p3%0+,Brian Phillips,IT consultant,2024-09-04 20:35:22
briangonzalez,w72o9ivn^0Z6,Deborah Hernandez,Health promotion specialist,2024-04-29 18:15:48
jonesdillon,nd6Th)hbE(F#,Colleen Hunt,Radio broadcast assistant,2024-11-02 05:53:41
rodriguezkelly,cI0BPok*(v$f,Taylor Melton,Nutritional therapist,2023-07-21 15:55:16
zcampbell,39ztB0k1%4Kp,Brandi Bailey,Product designer,2024-10-13 14:33:07
zshelton,%9kty7J^WKWS,Mark Jones,Systems developer,2023-01-02 01:36:51
gary07,$Y9S4vS^D(Qq,Heather Morris,"Conservator, furniture",2023-04-22 21:42:02
christinamiller,IQ_9T4BcuknG,Matthew Copeland,Insurance risk surveyor,2023-08-07 13:51:43
amberperez,%eebRHb#41UO,Thomas Cruz,Health promotion specialist,2023-01-21 16:39:28
eanderson,)+9GAWvvjtNP,James Thomas,Retail manager,2023-02-08 20:06:57
joseph51,y@BFsNnd2L0K,Jacqueline Page,"Psychologist, clinical",2024-07-19 08:31:28
megangibson,@Jj1DI#rqY5P,Patrick Walker,Biomedical scientist,2024-02-18 17:26:08
caitlinturner,$^jMAnCx^QD7,John Robertson,Sports therapist,2024-06-18 08:12:53
williamsonamy,fzEv3Mwr)UL0,Debra Frye,Academic librarian,2024-09-08 03:47:02
adam61,xvU0wjas%#Of,Samuel Bradley,"Geologist, engineering",2023-02-06 21:57:41
timothy21,%421HaG^t92Q,Jennifer Jackson,General practice doctor,2023-07-19 16:11:58
jennifersmith,(XAVm2QozC6t,Angela Fuentes,Health promotion specialist,2023-04-10 03:23:41
robin96,7_e281wj$2M3,Stephanie Owens,Advertising art director,2023-09-11 12:46:45
vhuynh,&^tKyZogc87H,Jonathan Stewart,Barrister's clerk,2023-07-18 12:11:51
laceywise,i9Z4S0oxEW#),Tiffany Mason,"Radiographer, diagnostic",2023-03-26 13:17:14
david32,FylQssKSU1r+,Isaac Boyer,"Geologist, engineering",2024-02-03 12:15:44
valdezerika,*ji15)&iK4*M,Jeffrey Garcia,Insurance risk surveyor,2024-11-07 00:10:04
jenniferchavez,EB1!WCAw@L*x,Kevin Ward,Waste management officer,2023-12-05 08:28:06
jeffery51,9wg7Q2Hu9*i*,Carrie Green,Chief Financial Officer,2023-05-15 12:51:14
cranejody,!#*Vp#KfGw9G,Mary Lewis,"Administrator, charities/voluntary organisations",2023-11-27 21:45:18
tcortez,tZw67uWn^rCx,Donna Hunter,Lobbyist,2023-10-26 03:30:45
andrewsgeorge,CyqhUsMym#44,Larry Orr,Learning mentor,2023-10-24 23:07:41
jameslarson,^2J&aSHx&9Ot,Mr. Vincent Serrano,Illustrator,2024-10-20 12:10:02
richardjohnson,P%7zCF2k+190,Christopher Hartman,Horticultural therapist,2024-02-20 23:49:49
nicole32,)tN3xOqt#64p,Jennifer Moody,"Engineer, materials",2023-02-06 18:44:00
michaelmiller,C%AUNx!ZkM5N,Christopher Hayes,"Accountant, chartered certified",2024-01-16 20:37:53
lindsay59,CZIZW47v^W68,Edwin Cruz,Environmental education officer,2024-10-26 17:53:45
jonesjulie,hi3kQcnr&0L6,Laurie Roberts,Insurance underwriter,2023-03-22 07:30:12
timothy09,9NKoaP8V_9xh,Andrew Pena,"Psychologist, forensic",2023-01-08 15:33:42
reidsandra,63glk!Km!kZv,Jason Erickson,Sports development officer,2024-02-18 18:43:21
ryanjacobs,vD$XmHk8$17a,Bianca Watson,Rural practice surveyor,2024-01-05 06:27:47
chavezwilliam,+8ex7QZz0f_V,Holly Chan,Training and development officer,2023-01-12 22:07:19
jasminesimpson,)W5c_4Qf@X7O,Adrienne White,"Psychologist, counselling",2024-09-03 07:03:29
mcclainmelanie,ZSXZ5v(x#91K,Kristopher Jones,"Horticulturist, amenity",2023-08-28 04:41:27
coxholly,!c1lF$oSu#DX,Ryan Sanchez,Archivist,2024-04-26 00:46:42
igarrison,(RCB^KFat3eG,Scott Reese,"Conservator, museum/gallery",2023-07-23 14:23:11
joshuamcdaniel,VJ66Oxa6@N!R,Michael Castillo,Police officer,2024-09-02 01:54:24
melissabates,s+C2LzSySMd%,Katie Cole,Insurance claims handler,2023-01-18 08:07:46
wmoore,LzGcT3Za3t%O,Pamela Byrd,Neurosurgeon,2023-09-20 07:23:31
christy97,+sE*K5!E29EL,Ronald Hughes,"Scientist, water quality",2024-10-24 01:45:43
kristinahayden,!nTY0CqzN9e7,Omar Whitney,"Buyer, retail",2023-02-12 23:33:05
richardlloyd,Fzzv9uNxu#zt,Joshua Vance,Fish farm manager,2024-04-28 11:14:14
kevin08,+OR^sGjS7eVb,Robin Robertson,Web designer,2023-10-30 05:49:56
lorisnyder,&7Q3tOn*ylpS,Tara Jones,"Accountant, chartered public finance",2024-04-30 17:04:18
jnelson,!0CN8Nza#$it,Kristen Anderson,Firefighter,2023-06-18 10:55:34
evanscharles,7b@GDKhwghKv,George Lawson,Tree surgeon,2023-04-22 07:09:24
lisamoore,Ul8OWFb9+5IK,Michelle Gibson,Applications developer,2023-01-12 09:39:11
laura12,x#Q6D2HgB%$J,Daniel Sullivan,Horticultural consultant,2024-09-07 00:12:29
karen90,%VSGrAc^o747,Travis Thompson,Claims inspector/assessor,2023-10-30 10:54:00
djackson,!i!kVoWl2!2R,Tina Medina,Radio producer,2023-11-14 04:55:26
jerryroberts,+43QSBCeysmc,Lindsey Carter,"Psychologist, occupational",2024-10-26 23:10:38
josephrodriguez,NS*2V&!ih#5i,Steven Pierce,Radiation protection practitioner,2023-07-03 17:59:53
robinsonalan,w(^49BQvSZJD,Ashley Peterson,Energy engineer,2023-03-04 02:44:22
hunterbriana,rq%)Ls&^_7or,Christopher Ward,Secondary school teacher,2023-03-17 04:08:05
mccormickalexandra,40I#@&pba8is,Jacqueline Dixon,Insurance broker,2023-11-24 10:51:20
wsanders,+fLDloRPO8+@,Sean Harris,Chartered accountant,2023-04-18 00:09:22
mrichmond,C23ZCwjRH(3j,Rickey Brown,"Engineer, manufacturing",2023-11-01 12:35:58
jessica13,U11OOsE%Qh!&,Holly Barr,Futures trader,2023-01-21 07:26:07
tanyawilliamson,^SI&h&qW1Oqb,Vicki David,Contracting civil engineer,2024-07-26 21:28:54
cbray,!LJBQW2f&)21,James Ross,Microbiologist,2024-11-20 08:47:17
anthony98,Q4*Jy)4O^9E*,David Wolf,Air broker,2023-04-08 07:16:59
joan24,+3GyNmMM)Nyd,Angela Williams,Music tutor,2023-01-03 13:18:22
hernandezkenneth,+pdyBw3#P7Sj,Timothy Lucas,"Therapist, speech and language",2024-10-23 20:09:29
sarah26,BGQPWBdu+4jc,Michelle Smith,Clinical research associate,2023-12-27 09:39:10
ayalabrenda,O2SBZ_Og#4^k,Kyle Allen,"Designer, interior/spatial",2023-08-21 22:48:51
andreawoodward,LQ*I*6Hh&(Q9,Erin Lucero,"Designer, interior/spatial",2024-03-02 12:21:00
williamadams,H967OuZah(^V,Zachary Olsen,Ambulance person,2023-04-21 02:11:26
dana21,+27&#TQQb2ZU,Sabrina Alexander,"Copywriter, advertising",2024-09-01 13:57:46
kcastro,+2ZiYqtYjk$_,Paul Holloway,"Engineer, chemical",2024-11-11 20:48:28
lfranklin,27wHgewI!dI*,Jocelyn Vance,"Engineer, manufacturing",2024-05-23 14:44:43
angela88,_!wk@BGh0Qy1,Sarah Mathews,Estate manager/land agent,2024-02-11 14:34:41
danaking,8mV!bD5w&d6M,Carol Valentine,Paediatric nurse,2024-01-30 05:13:14
michaelyoung,*S4!!pMpo6rV,Elizabeth Patterson,Planning and development surveyor,2024-02-05 01:14:57
zmooney,Is9SdzMp)PpQ,Sara Gomez,"Engineer, electronics",2024-06-04 05:44:27
wjones,%A7PAdjZBp3%,Andrew Ryan,Learning mentor,2023-11-02 13:55:12
